INSERT INTO usuarios (id_usuario, rol, nombre, apellido, email, codigo_telefonico, telefono, nacionalidad, fecha_nacimiento, fecha_registro) VALUES
  ('1', 'admin', 'Valentina', 'Fernández', 'valentina.fernández@mail.com', '54', '1156913810', 'Uruguay', '1980-01-06', '2021-07-25'),
  ('2', 'admin', 'Camila', 'Suárez', 'camila.suárez@mail.com', '54', '1131668732', 'Bolivia', '1988-12-04', '2020-05-10'),
  ('3', 'admin', 'Sofía', 'García', 'sofía.garcía@mail.com', '54', '1149345092', 'Uruguay', '1992-09-01', '2020-04-18'),
  ('4', 'propietario', 'Diego', 'Méndez', 'diego.méndez@mail.com', '54', '1193140807', 'Perú', '1974-11-21', '2023-01-14'),
  ('5', 'propietario', 'Horacio', 'Ortiz', 'horacio.ortiz@mail.com', '54', '1120872248', 'Uruguay', '1996-04-26', '2022-09-28'),
  ('6', 'propietario', 'Franco', 'Ortiz', 'franco.ortiz@mail.com', '54', '1140868105', 'Uruguay', '1980-02-06', '2019-02-23'),
  ('7', 'propietario', 'Bruno', 'Acosta', 'bruno.acosta@mail.com', '54', '1132981052', 'Chile', '1980-06-06', '2024-10-08'),
  ('8', 'propietario', 'Pedro', 'Martínez', 'pedro.martínez@mail.com', '54', '1181662963', 'Bolivia', '1970-08-08', '2022-03-31'),
  ('9', 'propietario', 'Bruno', 'Herrera', 'bruno.herrera@mail.com', '54', '1159349722', 'Paraguay', '1992-09-29', '2022-01-21'),
  ('10', 'propietario', 'Silvia', 'Méndez', 'silvia.méndez@mail.com', '54', '1129335534', 'Argentina', '1994-08-31', '2020-07-22'),
  ('11', 'propietario', 'Rocío', 'García', 'rocío.garcía@mail.com', '54', '1151244663', 'Argentina', '1982-01-19', '2021-02-12'),
  ('12', 'propietario', 'Micaela', 'Campos', 'micaela.campos@mail.com', '54', '1168966946', 'Uruguay', '1981-08-10', '2021-12-26'),
  ('13', 'propietario', 'Ana', 'Ortiz', 'ana.ortiz@mail.com', '54', '1129583482', 'Bolivia', '1993-06-26', '2019-12-02'),
  ('14', 'propietario', 'Tamara', 'Aguirre', 'tamara.aguirre@mail.com', '54', '1141931511', 'Perú', '1982-01-08', '2021-01-10'),
  ('15', 'propietario', 'Diego', 'Carrizo', 'diego.carrizo@mail.com', '54', '1163524491', 'Argentina', '1975-04-11', '2018-05-12'),
  ('16', 'propietario', 'Paula', 'Ruiz', 'paula.ruiz@mail.com', '54', '1155935572', 'Argentina', '1974-06-19', '2024-05-12'),
  ('17', 'propietario', 'Paula', 'Domínguez', 'paula.domínguez@mail.com', '54', '1187005685', 'Perú', '1993-11-02', '2023-02-23'),
  ('18', 'propietario', 'Florencia', 'Vega', 'florencia.vega@mail.com', '54', '1138740864', 'Uruguay', '1998-06-02', '2024-04-18'),
  ('19', 'inquilino', 'Tamara', 'Vega', 'tamara.vega@mail.com', '54', '1198461803', 'Perú', '2005-02-19', '2025-07-18'),
  ('20', 'inquilino', 'Mariano', 'Ríos', 'mariano.ríos@mail.com', '54', '1149436733', 'Uruguay', '1996-06-06', '2024-07-14'),
  ('21', 'inquilino', 'Bruno', 'López', 'bruno.lópez@mail.com', '54', '1134716857', 'Uruguay', '1999-01-28', '2020-10-17'),
  ('22', 'inquilino', 'Brenda', 'Ferrer', 'brenda.ferrer@mail.com', '54', '1128526544', 'Perú', '1993-07-24', '2025-09-06'),
  ('23', 'inquilino', 'Micaela', 'Leiva', 'micaela.leiva@mail.com', '54', '1153744231', 'Bolivia', '2004-04-22', '2019-02-17'),
  ('24', 'inquilino', 'Valentina', 'Suárez', 'valentina.suárez@mail.com', '54', '1155812670', 'Paraguay', '1992-08-18', '2020-04-01'),
  ('25', 'inquilino', 'Rocío', 'González', 'rocío.gonzález@mail.com', '54', '1141227574', 'Perú', '1985-01-27', '2021-12-14'),
  ('26', 'inquilino', 'Mariana', 'Castro', 'mariana.castro@mail.com', '54', '1188139880', 'Argentina', '2004-07-11', '2022-05-07'),
  ('27', 'inquilino', 'Mariana', 'Ferrer', 'mariana.ferrer@mail.com', '54', '1146697396', 'Uruguay', '1993-05-22', '2020-10-23'),
  ('28', 'inquilino', 'Tamara', 'Leiva', 'tamara.leiva@mail.com', '54', '1120076758', 'Bolivia', '1992-04-09', '2024-06-24'),
  ('29', 'inquilino', 'Sofía', 'Sánchez', 'sofía.sánchez@mail.com', '54', '1168718453', 'Chile', '1990-05-16', '2019-08-26'),
  ('30', 'inquilino', 'Laura', 'Ruiz', 'laura.ruiz@mail.com', '54', '1130570592', 'Argentina', '2001-06-01', '2024-06-13'),
  ('31', 'inquilino', 'Martina', 'Suárez', 'martina.suárez@mail.com', '54', '1136879290', 'Uruguay', '1999-10-19', '2024-04-30'),
  ('32', 'inquilino', 'Diego', 'Ruiz', 'diego.ruiz@mail.com', '54', '1155575298', 'Bolivia', '2004-07-26', '2023-09-30'),
  ('33', 'inquilino', 'Ana', 'Suárez', 'ana.suárez@mail.com', '54', '1146998038', 'Paraguay', '1991-12-29', '2023-06-23'),
  ('34', 'inquilino', 'Facundo', 'Rivas', 'facundo.rivas@mail.com', '54', '1189467853', 'Perú', '1987-09-19', '2021-10-12'),
  ('35', 'inquilino', 'Carlos', 'Pérez', 'carlos.pérez@mail.com', '54', '1165377076', 'Argentina', '1998-03-13', '2025-03-18'),
  ('36', 'inquilino', 'Carlos', 'Ibarra', 'carlos.ibarra@mail.com', '54', '1149557077', 'Argentina', '1986-08-05', '2019-08-30'),
  ('37', 'inquilino', 'Carlos', 'Pérez', 'carlos.pérez1@mail.com', '54', '1124216175', 'Chile', '1986-08-04', '2024-10-06'),
  ('38', 'inquilino', 'Laura', 'Ortiz', 'laura.ortiz@mail.com', '54', '1185151231', 'Uruguay', '1997-02-04', '2020-06-25'),
  ('39', 'inquilino', 'Silvia', 'Ruiz', 'silvia.ruiz@mail.com', '54', '1183440831', 'Uruguay', '2002-08-07', '2024-04-21'),
  ('40', 'inquilino', 'Sofía', 'Méndez', 'sofía.méndez@mail.com', '54', '1132660194', 'Argentina', '1999-10-13', '2023-11-01'),
  ('41', 'inquilino', 'Agustina', 'González', 'agustina.gonzález@mail.com', '54', '1175177213', 'Perú', '2004-05-17', '2019-08-10'),
  ('42', 'inquilino', 'Camila', 'López', 'camila.lópez@mail.com', '54', '1174038913', 'Paraguay', '1992-08-11', '2020-03-23'),
  ('43', 'inquilino', 'Laura', 'Méndez', 'laura.méndez@mail.com', '54', '1145529407', 'Bolivia', '1995-01-24', '2020-07-28'),
  ('44', 'inquilino', 'Brenda', 'Castro', 'brenda.castro@mail.com', '54', '1157385696', 'Perú', '1990-08-09', '2019-11-05'),
  ('45', 'inquilino', 'Gonzalo', 'Herrera', 'gonzalo.herrera@mail.com', '54', '1133141087', 'Argentina', '1999-08-18', '2025-01-23'),
  ('46', 'inquilino', 'Mateo', 'García', 'mateo.garcía@mail.com', '54', '1151726318', 'Uruguay', '1994-02-12', '2024-06-12'),
  ('47', 'inquilino', 'Alberto', 'Domínguez', 'alberto.domínguez@mail.com', '54', '1173826716', 'Argentina', '1988-09-10', '2023-04-02'),
  ('48', 'inquilino', 'Mateo', 'Acosta', 'mateo.acosta@mail.com', '54', '1155594951', 'Perú', '1991-05-26', '2023-09-29'),
  ('49', 'inquilino', 'Diego', 'Morales', 'diego.morales@mail.com', '54', '1140776478', 'Uruguay', '1991-08-28', '2021-06-10'),
  ('50', 'inquilino', 'Lucía', 'Ibarra', 'lucía.ibarra@mail.com', '54', '1192772208', 'Argentina', '2001-10-11', '2022-07-08'),
  ('51', 'inquilino', 'Lucía', 'López', 'lucía.lópez@mail.com', '54', '1198406989', 'Perú', '1996-04-12', '2024-12-15'),
  ('52', 'inquilino', 'Agustín', 'López', 'agustín.lópez@mail.com', '54', '1188159587', 'Argentina', '2004-02-05', '2021-01-31'),
  ('53', 'inquilino', 'Martina', 'Ferrer', 'martina.ferrer@mail.com', '54', '1129121552', 'Paraguay', '2004-05-01', '2021-08-21'),
  ('54', 'inquilino', 'Mariano', 'Sánchez', 'mariano.sánchez@mail.com', '54', '1196460539', 'Uruguay', '1997-12-26', '2025-09-01'),
  ('55', 'inquilino', 'Diego', 'Arias', 'diego.arias@mail.com', '54', '1131003626', 'Perú', '1999-09-30', '2025-07-18'),
  ('56', 'inquilino', 'Silvia', 'Leiva', 'silvia.leiva@mail.com', '54', '1162462441', 'Chile', '1989-08-01', '2022-07-10'),
  ('57', 'inquilino', 'Laura', 'Vega', 'laura.vega@mail.com', '54', '1173121477', 'Uruguay', '2000-01-25', '2022-05-13'),
  ('58', 'inquilino', 'Micaela', 'Moreno', 'micaela.moreno@mail.com', '54', '1129736572', 'Argentina', '1995-04-13', '2025-04-25'),
  ('59', 'inquilino', 'Camila', 'Pérez', 'camila.pérez@mail.com', '54', '1192160068', 'Uruguay', '1996-05-07', '2021-12-22'),
  ('60', 'inquilino', 'Ignacio', 'Silva', 'ignacio.silva@mail.com', '54', '1129233013', 'Uruguay', '1993-04-16', '2022-03-13'),
  ('61', 'inquilino', 'Agustín', 'Rivas', 'agustín.rivas@mail.com', '54', '1192909480', 'Paraguay', '1991-10-15', '2024-12-06'),
  ('62', 'inquilino', 'Mateo', 'Herrera', 'mateo.herrera@mail.com', '54', '1160181935', 'Paraguay', '1987-04-29', '2020-07-04'),
  ('63', 'inquilino', 'Pedro', 'Sánchez', 'pedro.sánchez@mail.com', '54', '1134366125', 'Paraguay', '1997-05-30', '2020-09-28'),
  ('64', 'inquilino', 'Elías', 'Paredes', 'elías.paredes@mail.com', '54', '1148270233', 'Paraguay', '1992-09-09', '2021-04-13'),
  ('65', 'inquilino', 'Pedro', 'Luna', 'pedro.luna@mail.com', '54', '1185569635', 'Chile', '2005-04-22', '2019-07-28'),
  ('66', 'inquilino', 'Bruno', 'Campos', 'bruno.campos@mail.com', '54', '1176851377', 'Chile', '1985-12-28', '2019-01-15'),
  ('67', 'inquilino', 'Franco', 'Romero', 'franco.romero@mail.com', '54', '1155159040', 'Uruguay', '2001-08-17', '2023-12-15'),
  ('68', 'inquilino', 'Diego', 'González', 'diego.gonzález@mail.com', '54', '1195283645', 'Argentina', '1987-07-06', '2019-11-05'),
  ('69', 'inquilino', 'Florencia', 'Suárez', 'florencia.suárez@mail.com', '54', '1124835614', 'Chile', '1998-01-24', '2025-03-13'),
  ('70', 'inquilino', 'Florencia', 'González', 'florencia.gonzález@mail.com', '54', '1137105448', 'Argentina', '1991-12-01', '2023-02-02'),
  ('71', 'inquilino', 'Diego', 'Silva', 'diego.silva@mail.com', '54', '1148195995', 'Paraguay', '1990-08-07', '2020-02-26'),
  ('72', 'inquilino', 'Agustina', 'Herrera', 'agustina.herrera@mail.com', '54', '1174543049', 'Bolivia', '2001-10-23', '2020-09-25'),
  ('73', 'inquilino', 'Laura', 'Ruiz', 'laura.ruiz1@mail.com', '54', '1143763566', 'Perú', '1985-07-23', '2021-01-04'),
  ('74', 'inquilino', 'Franco', 'Paz', 'franco.paz@mail.com', '54', '1153308443', 'Chile', '1988-07-28', '2020-03-18'),
  ('75', 'inquilino', 'Iván', 'Martínez', 'iván.martínez@mail.com', '54', '1183174945', 'Uruguay', '1989-06-23', '2024-02-29'),
  ('76', 'inquilino', 'Agustina', 'Benítez', 'agustina.benítez@mail.com', '54', '1150547349', 'Uruguay', '1985-07-13', '2021-03-02'),
  ('77', 'inquilino', 'Mariano', 'Navarro', 'mariano.navarro@mail.com', '54', '1157393469', 'Argentina', '2002-05-07', '2022-02-17'),
  ('78', 'inquilino', 'Agustina', 'Luna', 'agustina.luna@mail.com', '54', '1173643924', 'Paraguay', '2003-12-04', '2025-01-05'),
  ('79', 'inquilino', 'Franco', 'Fernández', 'franco.fernández@mail.com', '54', '1135480907', 'Chile', '1989-01-02', '2025-07-06'),
  ('80', 'inquilino', 'Pedro', 'Martínez', 'pedro.martínez1@mail.com', '54', '1134549543', 'Bolivia', '1994-09-30', '2022-11-16');


INSERT INTO propiedades (id_propiedad, id_usuario, titulo, descripcion, tipo, habitaciones, capacidad_maxima, precio_noche, direccion, ciudad, pais, disponible_desde, disponible_hasta) VALUES
  ('1', '4', 'Amplio casa en Santa Fe', 'Excelente ubicación. Cerca del centro', 'Loft', '2', '3', '37.55', '7145 Av. Libertador', 'San Miguel de Tucumán', 'Argentina', '2025-04-05', '2025-12-22'),
  ('2', '4', 'Amplio casa en Córdoba', 'Excelente ubicación. Zona tranquila', 'PH', '1', '3', '183.01', '8309 Av. Corrientes', 'Mar del Plata', 'Argentina', '2023-12-01', '2024-11-27'),
  ('3', '4', 'Acogedor loft en Mendoza', 'Excelente ubicación. Cerca de comercios', 'Loft', '2', '4', '126.75', '6654 Av. Belgrano', 'Buenos Aires', 'Argentina', '2023-11-08', '2025-03-22'),
  ('4', '5', 'Acogedor PH en Salta', 'Excelente ubicación. Cerca de comercios', 'Loft', '2', '4', '110.44', '2781 Av. Libertador', 'La Plata', 'Argentina', '2024-06-11', '2026-05-06'),
  ('5', '5', 'Amplio departamento en Mendoza', 'Excelente ubicación. Zona tranquila', 'Casa', '2', '2', '34.15', '4012 Calle San Martín', 'Santa Fe', 'Argentina', '2025-05-20', '2026-10-28'),
  ('6', '5', 'Moderno loft en Mar del Plata', 'Excelente ubicación. Cerca de comercios', 'Loft', '2', '2', '141.53', '91 Av. Libertador', 'Mar del Plata', 'Argentina', '2023-08-13', '2025-03-25'),
  ('7', '6', 'Cómodo loft en Córdoba', 'Excelente ubicación. Cerca de comercios', 'Casa', '4', '6', '120.29', '9158 Av. Belgrano', 'Bariloche', 'Argentina', '2025-02-12', '2026-12-31'),
  ('8', '6', 'Acogedor casa en San Miguel de Tucumán', 'Excelente ubicación. Cerca de comercios', 'Casa', '4', '5', '74.06', '4051 Av. Corrientes', 'San Miguel de Tucumán', 'Argentina', '2024-05-11', '2025-04-17'),
  ('9', '7', 'Cómodo PH en Mendoza', 'Excelente ubicación. Zona tranquila', 'PH', '3', '5', '43.7', '2472 Calle Falsa', 'Mar del Plata', 'Argentina', '2024-12-11', '2025-09-16'),
  ('10', '7', 'Cómodo casa en Mar del Plata', 'Excelente ubicación. Zona tranquila', 'Loft', '4', '4', '65.16', '6884 Calle San Martín', 'Santa Fe', 'Argentina', '2024-12-13', NULL),
  ('11', '8', 'Moderno casa en Buenos Aires', 'Excelente ubicación. Zona tranquila', 'PH', '4', '5', '121.5', '8948 Av. Belgrano', 'Mendoza', 'Argentina', '2024-05-14', '2025-10-02'),
  ('12', '8', 'Moderno departamento en Mar del Plata', 'Excelente ubicación. Zona tranquila', 'Loft', '2', '3', '186.32', '8752 Av. Libertador', 'Mar del Plata', 'Argentina', '2024-08-29', '2024-11-24'),
  ('13', '8', 'Cómodo casa en Rosario', 'Excelente ubicación. Cerca de comercios', 'Casa', '1', '2', '94.45', '3468 Calle San Martín', 'Bariloche', 'Argentina', '2023-12-12', '2025-03-04'),
  ('14', '9', 'Moderno PH en Córdoba', 'Excelente ubicación. Cerca de comercios', 'Departamento', '1', '2', '68.12', '1125 Av. Libertador', 'Buenos Aires', 'Argentina', '2023-09-11', '2023-11-30'),
  ('15', '9', 'Acogedor loft en Mendoza', 'Excelente ubicación. Buena conexión de transporte', 'Loft', '1', '3', '191.12', '7620 Av. Corrientes', 'Bariloche', 'Argentina', '2023-06-21', '2023-12-15'),
  ('16', '10', 'Amplio departamento en Santa Fe', 'Excelente ubicación. Cerca del centro', 'PH', '4', '5', '190.05', '3250 Av. Libertador', 'Santa Fe', 'Argentina', '2024-12-08', '2025-10-12'),
  ('17', '11', 'Amplio departamento en Santa Fe', 'Excelente ubicación. Cerca del centro', 'PH', '4', '6', '93.0', '8290 Av. Corrientes', 'Buenos Aires', 'Argentina', '2025-05-19', '2026-12-01'),
  ('18', '12', 'Moderno PH en Salta', 'Excelente ubicación. Buena conexión de transporte', 'Loft', '2', '4', '118.7', '4426 Av. Belgrano', 'San Miguel de Tucumán', 'Argentina', '2025-03-04', '2026-07-23'),
  ('19', '13', 'Acogedor PH en Bariloche', 'Excelente ubicación. Buena conexión de transporte', 'Departamento', '3', '4', '71.46', '7614 Av. Belgrano', 'Santa Fe', 'Argentina', '2024-11-15', '2025-02-12'),
  ('20', '13', 'Moderno PH en Rosario', 'Excelente ubicación. Cerca de comercios', 'Casa', '3', '4', '87.86', '9768 Av. Corrientes', 'San Miguel de Tucumán', 'Argentina', '2023-01-11', '2023-09-23'),
  ('21', '13', 'Cómodo loft en Mar del Plata', 'Excelente ubicación. Cerca de comercios', 'Casa', '4', '6', '151.01', '7343 Av. Libertador', 'Córdoba', 'Argentina', '2023-10-29', '2024-09-02'),
  ('22', '14', 'Acogedor PH en Salta', 'Excelente ubicación. Zona tranquila', 'Loft', '3', '4', '149.49', '4439 Av. Corrientes', 'La Plata', 'Argentina', '2023-08-25', NULL),
  ('23', '14', 'Luminoso PH en Córdoba', 'Excelente ubicación. Buena conexión de transporte', 'Casa', '2', '4', '112.31', '9660 Av. Belgrano', 'Santa Fe', 'Argentina', '2023-10-17', '2024-07-01'),
  ('24', '15', 'Luminoso PH en Rosario', 'Excelente ubicación. Zona tranquila', 'Departamento', '2', '3', '37.74', '894 Av. Belgrano', 'La Plata', 'Argentina', '2024-12-15', '2026-11-28'),
  ('25', '15', 'Moderno departamento en Buenos Aires', 'Excelente ubicación. Zona tranquila', 'Loft', '4', '5', '87.92', '842 Av. Corrientes', 'Salta', 'Argentina', '2023-04-27', '2024-08-09'),
  ('26', '16', 'Cómodo departamento en Rosario', 'Excelente ubicación. Buena conexión de transporte', 'PH', '1', '1', '50.14', '6819 Av. Belgrano', 'Santa Fe', 'Argentina', '2025-03-20', '2026-11-05'),
  ('27', '16', 'Moderno casa en Salta', 'Excelente ubicación. Zona tranquila', 'Loft', '3', '5', '135.57', '9989 Av. Libertador', 'Mendoza', 'Argentina', '2024-10-02', '2025-02-22'),
  ('28', '17', 'Luminoso loft en San Miguel de Tucumán', 'Excelente ubicación. Cerca del centro', 'Casa', '1', '2', '106.59', '9730 Calle San Martín', 'La Plata', 'Argentina', '2023-02-03', '2024-01-18'),
  ('29', '18', 'Moderno departamento en Mendoza', 'Excelente ubicación. Zona tranquila', 'Casa', '4', '4', '122.58', '2442 Av. Corrientes', 'Rosario', 'Argentina', '2023-03-15', NULL),
  ('30', '18', 'Amplio PH en Salta', 'Excelente ubicación. Cerca del centro', 'Loft', '3', '5', '98.43', '4461 Av. Belgrano', 'San Miguel de Tucumán', 'Argentina', '2024-05-20', '2026-03-23'),
  ('31', '18', 'Cómodo casa en Bariloche', 'Excelente ubicación. Zona tranquila', 'Departamento', '1', '1', '193.52', '9425 Av. Belgrano', 'Buenos Aires', 'Argentina', '2025-02-22', '2026-01-23');

INSERT INTO reservas (id_reserva, id_usuario, id_propiedad, fecha_inicio, fecha_fin, estado, fecha_creacion) VALUES
  ('1', '55', '2', '2024-07-28', '2024-08-01', 'aceptada', '2024-07-13 00:00:00'),
  ('2', '77', '9', '2025-07-22', '2025-07-26', 'finalizada', '2025-07-06 00:00:00'),
  ('3', '24', '16', '2025-07-05', '2025-07-12', 'aceptada', '2025-06-13 00:00:00'),
  ('4', '25', '28', '2023-07-21', '2023-07-25', 'aceptada', '2023-07-05 00:00:00'),
  ('5', '37', '22', '2023-11-08', '2023-11-16', 'aceptada', '2023-10-28 00:00:00'),
  ('6', '35', '11', '2025-09-22', '2025-09-25', 'aceptada', '2025-08-25 00:00:00'),
  ('7', '51', '27', '2025-02-17', '2025-02-19', 'aceptada', '2025-02-15 00:00:00'),
  ('8', '31', '17', '2026-10-11', '2026-10-18', 'aceptada', '2026-09-16 00:00:00'),
  ('9', '22', '7', '2026-08-28', '2026-09-03', 'pendiente', '2026-08-18 00:00:00'),
  ('10', '47', '29', '2023-11-18', '2023-11-27', 'aceptada', '2023-10-28 00:00:00'),
  ('11', '57', '26', '2025-08-29', '2025-09-03', 'aceptada', '2025-08-28 00:00:00'),
  ('12', '54', '14', '2023-10-09', '2023-10-12', 'rechazada', '2023-09-09 00:00:00'),
  ('13', '26', '15', '2023-12-03', '2023-12-06', 'cancelada', '2023-11-17 00:00:00'),
  ('14', '78', '23', '2024-02-24', '2024-03-01', 'finalizada', '2024-02-10 00:00:00'),
  ('15', '72', '16', '2025-04-11', '2025-04-20', 'aceptada', '2025-04-06 00:00:00'),
  ('16', '43', '7', '2025-07-01', '2025-07-11', 'cancelada', '2025-06-22 00:00:00'),
  ('17', '68', '26', '2026-03-03', '2026-03-11', 'cancelada', '2026-02-14 00:00:00'),
  ('18', '36', '27', '2024-12-13', '2024-12-15', 'finalizada', '2024-11-16 00:00:00'),
  ('19', '56', '19', '2024-12-04', '2024-12-13', 'aceptada', '2024-11-18 00:00:00'),
  ('20', '41', '11', '2025-06-08', '2025-06-18', 'aceptada', '2025-05-24 00:00:00'),
  ('21', '78', '11', '2025-05-06', '2025-05-11', 'aceptada', '2025-04-23 00:00:00'),
  ('22', '33', '28', '2023-02-25', '2023-03-05', 'aceptada', '2023-02-09 00:00:00'),
  ('23', '64', '30', '2025-06-19', '2025-06-27', 'rechazada', '2025-05-24 00:00:00'),
  ('24', '71', '21', '2024-07-08', '2024-07-12', 'rechazada', '2024-07-03 00:00:00'),
  ('25', '51', '31', '2025-04-14', '2025-04-21', 'cancelada', '2025-03-30 00:00:00'),
  ('26', '25', '17', '2025-06-03', '2025-06-12', 'finalizada', '2025-05-20 00:00:00'),
  ('27', '74', '21', '2023-12-06', '2023-12-10', 'aceptada', '2023-11-27 00:00:00'),
  ('28', '40', '20', '2023-06-26', '2023-07-04', 'aceptada', '2023-06-15 00:00:00'),
  ('29', '73', '22', '2025-10-11', '2025-10-21', 'cancelada', '2025-09-20 00:00:00'),
  ('30', '64', '29', '2026-03-27', '2026-04-05', 'pendiente', '2026-03-24 00:00:00'),
  ('31', '34', '21', '2024-02-22', '2024-02-28', 'finalizada', '2024-02-08 00:00:00'),
  ('32', '25', '25', '2023-12-10', '2023-12-13', 'aceptada', '2023-11-30 00:00:00'),
  ('33', '76', '1', '2025-09-18', '2025-09-20', 'aceptada', '2025-09-08 00:00:00'),
  ('34', '41', '12', '2024-09-16', '2024-09-24', 'aceptada', '2024-09-02 00:00:00'),
  ('35', '55', '22', '2024-08-07', '2024-08-11', 'aceptada', '2024-07-18 00:00:00'),
  ('36', '74', '13', '2024-08-22', '2024-08-27', 'cancelada', '2024-08-17 00:00:00'),
  ('37', '33', '15', '2023-10-16', '2023-10-22', 'aceptada', '2023-10-15 00:00:00'),
  ('38', '76', '26', '2026-01-08', '2026-01-17', 'aceptada', '2026-01-02 00:00:00'),
  ('39', '23', '15', '2023-11-18', '2023-11-25', 'aceptada', '2023-11-04 00:00:00'),
  ('40', '63', '9', '2025-05-14', '2025-05-23', 'aceptada', '2025-05-01 00:00:00'),
  ('41', '43', '19', '2025-01-27', '2025-02-03', 'aceptada', '2025-01-04 00:00:00'),
  ('42', '37', '1', '2025-06-14', '2025-06-22', 'aceptada', '2025-05-17 00:00:00'),
  ('43', '62', '25', '2024-08-05', '2024-08-07', 'finalizada', '2024-07-20 00:00:00'),
  ('44', '72', '29', '2024-06-28', '2024-07-04', 'finalizada', '2024-06-16 00:00:00'),
  ('45', '33', '21', '2024-03-05', '2024-03-10', 'finalizada', '2024-02-10 00:00:00'),
  ('46', '68', '22', '2024-03-10', '2024-03-14', 'cancelada', '2024-02-18 00:00:00'),
  ('47', '21', '10', '2025-01-16', '2025-01-25', 'aceptada', '2024-12-23 00:00:00'),
  ('48', '27', '3', '2024-04-23', '2024-04-29', 'finalizada', '2024-04-17 00:00:00'),
  ('49', '31', '5', '2026-05-29', '2026-06-08', 'pendiente', '2026-04-29 00:00:00'),
  ('50', '36', '27', '2024-12-06', '2024-12-10', 'cancelada', '2024-11-20 00:00:00'),
  ('51', '70', '4', '2024-08-27', '2024-09-05', 'aceptada', '2024-08-19 00:00:00'),
  ('52', '74', '22', '2025-09-12', '2025-09-20', 'pendiente', '2025-08-30 00:00:00'),
  ('53', '19', '9', '2025-02-12', '2025-02-22', 'aceptada', '2025-01-21 00:00:00'),
  ('54', '71', '21', '2023-12-23', '2023-12-30', 'finalizada', '2023-12-07 00:00:00'),
  ('55', '20', '20', '2023-04-04', '2023-04-14', 'cancelada', '2023-03-27 00:00:00'),
  ('56', '60', '3', '2025-02-15', '2025-02-24', 'finalizada', '2025-01-25 00:00:00'),
  ('57', '45', '4', '2024-07-27', '2024-07-31', 'cancelada', '2024-07-17 00:00:00'),
  ('58', '50', '4', '2025-02-06', '2025-02-09', 'cancelada', '2025-02-01 00:00:00'),
  ('59', '43', '15', '2023-11-06', '2023-11-13', 'aceptada', '2023-10-13 00:00:00'),
  ('60', '65', '5', '2025-08-29', '2025-09-06', 'cancelada', '2025-08-09 00:00:00');

INSERT INTO resenas (id_resena, id_usuario, id_propiedad, calificacion, comentario, fecha_resena) VALUES
  ('1', '55', '2', '3', 'Excelente estancia, muy recomendable.', '2025-07-21 00:00:00'),
  ('2', '77', '9', '4', 'Anfitrión muy amable.', '2025-08-11 00:00:00'),
  ('3', '25', '28', '3', 'Estuvo todo bien, volvería.', '2025-05-16 00:00:00'),
  ('4', '37', '22', '4', 'La limpieza podría mejorar.', '2024-05-29 00:00:00'),
  ('5', '78', '23', '2', 'Estuvo todo bien, volvería.', '2024-03-23 00:00:00'),
  ('6', '72', '16', '3', 'Buen lugar, bien ubicado.', '2025-05-23 00:00:00'),
  ('7', '36', '27', '2', 'Excelente estancia, muy recomendable.', '2025-04-01 00:00:00'),
  ('8', '56', '19', '2', 'La limpieza podría mejorar.', '2025-02-27 00:00:00'),
  ('9', '41', '11', '5', 'Excelente estancia, muy recomendable.', '2025-07-24 00:00:00'),
  ('10', '33', '28', '2', 'Estuvo todo bien, volvería.', '2023-11-17 00:00:00'),
  ('11', '25', '17', '1', 'Excelente estancia, muy recomendable.', '2025-06-29 00:00:00'),
  ('12', '74', '21', '2', 'Estuvo todo bien, volvería.', '2024-11-06 00:00:00'),
  ('13', '40', '20', '3', 'Excelente estancia, muy recomendable.', '2023-11-11 00:00:00'),
  ('14', '34', '21', '5', 'Excelente estancia, muy recomendable.', '2024-05-04 00:00:00'),
  ('15', '25', '25', '3', 'Estuvo todo bien, volvería.', '2025-08-12 00:00:00'),
  ('16', '41', '12', '5', 'Buen lugar, bien ubicado.', '2025-08-05 00:00:00'),
  ('17', '55', '22', '5', 'La limpieza podría mejorar.', '2025-04-03 00:00:00'),
  ('18', '33', '15', '1', 'Excelente estancia, muy recomendable.', '2025-02-24 00:00:00'),
  ('19', '63', '9', '1', 'Anfitrión muy amable.', '2025-08-23 00:00:00'),
  ('20', '37', '1', '1', 'La limpieza podría mejorar.', '2025-07-11 00:00:00'),
  ('21', '62', '25', '3', 'Estuvo todo bien, volvería.', '2025-06-28 00:00:00'),
  ('22', '72', '29', '3', 'Anfitrión muy amable.', '2025-05-06 00:00:00'),
  ('23', '33', '21', '4', 'Estuvo todo bien, volvería.', '2025-05-25 00:00:00'),
  ('24', '21', '10', '1', 'Estuvo todo bien, volvería.', '2025-07-29 00:00:00'),
  ('25', '70', '4', '2', 'Anfitrión muy amable.', '2025-02-26 00:00:00'),
  ('26', '71', '21', '1', 'La limpieza podría mejorar.', '2025-03-12 00:00:00'),
  ('27', '60', '3', '3', 'La limpieza podría mejorar.', '2025-04-05 00:00:00'),
  ('28', '43', '15', '4', 'Excelente estancia, muy recomendable.', '2024-02-15 00:00:00');

INSERT INTO pagos (id_reserva, monto, fecha_pago, metodo_pago) VALUES
(1, 732.04, '2024-08-01', 'tarjeta'),
(2, 174.8, '2025-07-26', 'transferencia'),
(3, 1330.35, '2025-07-12', 'tarjeta'),
(4, 426.36, '2023-07-25', 'transferencia'),
(5, 1195.92, '2023-11-16', 'transferencia'),
(6, 364.5, '2025-09-25', 'tarjeta'),
(7, 271.14, '2025-02-19', 'tarjeta'),
(8, 651.0, '2026-10-18', 'tarjeta'),
(10, 1103.22, '2023-11-27', 'tarjeta'),
(11, 250.7, '2025-09-03', 'tarjeta'),
(14, 673.86, '2024-03-01', 'tarjeta'),
(15, 1710.45, '2025-04-20', 'transferencia'),
(18, 271.14, '2024-12-15', 'tarjeta'),
(19, 643.14, '2024-12-13', 'tarjeta'),
(20, 1215.0, '2025-06-18', 'tarjeta'),
(21, 607.5, '2025-05-11', 'transferencia'),
(22, 852.72, '2023-03-05', 'tarjeta'),
(26, 837.0, '2025-06-12', 'tarjeta'),
(27, 604.04, '2023-12-10', 'tarjeta'),
(28, 702.88, '2023-07-04', 'tarjeta'),
(31, 906.06, '2024-02-28', 'transferencia'),
(32, 263.76, '2023-12-13', 'tarjeta'),
(33, 75.1, '2025-09-20', 'tarjeta'),
(34, 1490.56, '2024-09-24', 'transferencia'),
(35, 597.96, '2024-08-11', 'tarjeta'),
(37, 1146.72, '2023-10-22', 'tarjeta'),
(38, 451.26, '2026-01-17', 'transferencia'),
(39, 1337.84, '2023-11-25', 'tarjeta'),
(40, 393.3, '2025-05-23', 'transferencia'),
(41, 500.22, '2025-02-03', 'tarjeta'),
(42, 300.4, '2025-06-22', 'tarjeta'),
(43, 175.84, '2024-08-07', 'transferencia'),
(44, 735.48, '2024-07-04', 'tarjeta'),
(45, 755.05, '2024-03-10', 'tarjeta'),
(47, 586.44, '2025-01-25', 'transferencia'),
(48, 760.5, '2024-04-29', 'transferencia'),
(51, 993.96, '2024-09-05', 'tarjeta'),
(53, 437.0, '2025-02-22', 'transferencia'),
(54, 1057.07, '2023-12-30', 'tarjeta'),
(56, 1140.75, '2025-02-24', 'transferencia'),
(59, 1337.84, '2023-11-13', 'tarjeta');

INSERT INTO imagenes_propiedades (id_propiedad, url_imagen, descripcion) VALUES
(1, 'https://example.com/propiedad_1.jpg', 'Imagen principal de la propiedad 1'),
(2, 'https://example.com/propiedad_2.jpg', 'Imagen principal de la propiedad 2'),
(3, 'https://example.com/propiedad_3.jpg', 'Imagen principal de la propiedad 3'),
(4, 'https://example.com/propiedad_4.jpg', 'Imagen principal de la propiedad 4'),
(5, 'https://example.com/propiedad_5.jpg', 'Imagen principal de la propiedad 5'),
(6, 'https://example.com/propiedad_6.jpg', 'Imagen principal de la propiedad 6'),
(7, 'https://example.com/propiedad_7.jpg', 'Imagen principal de la propiedad 7'),
(8, 'https://example.com/propiedad_8.jpg', 'Imagen principal de la propiedad 8'),
(9, 'https://example.com/propiedad_9.jpg', 'Imagen principal de la propiedad 9'),
(10, 'https://example.com/propiedad_10.jpg', 'Imagen principal de la propiedad 10'),
(11, 'https://example.com/propiedad_11.jpg', 'Imagen principal de la propiedad 11'),
(12, 'https://example.com/propiedad_12.jpg', 'Imagen principal de la propiedad 12'),
(13, 'https://example.com/propiedad_13.jpg', 'Imagen principal de la propiedad 13'),
(14, 'https://example.com/propiedad_14.jpg', 'Imagen principal de la propiedad 14'),
(15, 'https://example.com/propiedad_15.jpg', 'Imagen principal de la propiedad 15'),
(16, 'https://example.com/propiedad_16.jpg', 'Imagen principal de la propiedad 16'),
(17, 'https://example.com/propiedad_17.jpg', 'Imagen principal de la propiedad 17'),
(18, 'https://example.com/propiedad_18.jpg', 'Imagen principal de la propiedad 18'),
(19, 'https://example.com/propiedad_19.jpg', 'Imagen principal de la propiedad 19'),
(20, 'https://example.com/propiedad_20.jpg', 'Imagen principal de la propiedad 20'),
(21, 'https://example.com/propiedad_21.jpg', 'Imagen principal de la propiedad 21'),
(22, 'https://example.com/propiedad_22.jpg', 'Imagen principal de la propiedad 22'),
(23, 'https://example.com/propiedad_23.jpg', 'Imagen principal de la propiedad 23'),
(24, 'https://example.com/propiedad_24.jpg', 'Imagen principal de la propiedad 24'),
(25, 'https://example.com/propiedad_25.jpg', 'Imagen principal de la propiedad 25'),
(26, 'https://example.com/propiedad_26.jpg', 'Imagen principal de la propiedad 26'),
(27, 'https://example.com/propiedad_27.jpg', 'Imagen principal de la propiedad 27'),
(28, 'https://example.com/propiedad_28.jpg', 'Imagen principal de la propiedad 28'),
(29, 'https://example.com/propiedad_29.jpg', 'Imagen principal de la propiedad 29'),
(30, 'https://example.com/propiedad_30.jpg', 'Imagen principal de la propiedad 30'),
(31, 'https://example.com/propiedad_31.jpg', 'Imagen principal de la propiedad 31');

INSERT INTO mensajes (id_emisor, id_receptor, mensaje, fecha_envio) VALUES
(19, 4, 'Mensaje de prueba 1', NOW()),
(5, 20, 'Mensaje de prueba 2', NOW()),
(21, 6, 'Mensaje de prueba 3', NOW()),
(7, 22, 'Mensaje de prueba 4', NOW()),
(23, 8, 'Mensaje de prueba 5', NOW()),
(9, 24, 'Mensaje de prueba 6', NOW()),
(25, 10, 'Mensaje de prueba 7', NOW()),
(11, 26, 'Mensaje de prueba 8', NOW()),
(27, 12, 'Mensaje de prueba 9', NOW()),
(13, 28, 'Mensaje de prueba 10', NOW()),
(29, 14, 'Mensaje de prueba 11', NOW()),
(15, 30, 'Mensaje de prueba 12', NOW()),
(31, 16, 'Mensaje de prueba 13', NOW()),
(17, 32, 'Mensaje de prueba 14', NOW()),
(33, 18, 'Mensaje de prueba 15', NOW()),
(4, 34, 'Mensaje de prueba 16', NOW()),
(35, 5, 'Mensaje de prueba 17', NOW()),
(6, 36, 'Mensaje de prueba 18', NOW()),
(37, 7, 'Mensaje de prueba 19', NOW()),
(8, 38, 'Mensaje de prueba 20', NOW()),
(39, 9, 'Mensaje de prueba 21', NOW()),
(10, 40, 'Mensaje de prueba 22', NOW()),
(41, 11, 'Mensaje de prueba 23', NOW()),
(12, 42, 'Mensaje de prueba 24', NOW()),
(43, 13, 'Mensaje de prueba 25', NOW()),
(14, 44, 'Mensaje de prueba 26', NOW()),
(45, 15, 'Mensaje de prueba 27', NOW()),
(16, 46, 'Mensaje de prueba 28', NOW()),
(47, 17, 'Mensaje de prueba 29', NOW()),
(18, 48, 'Mensaje de prueba 30', NOW());
