INSERT INTO propietarios (nombre, apellido, email, codigo_telefonico, telefono, fecha_registro) VALUES
('Lucia', 'Martinez', 'lucia.martinez@example.com', '+54', '9111112223', '2023-01-15'),
('Jorge', 'Perez', 'jorge.perez@example.com', '+54', '9111113334', '2023-02-10'),
('Sofia', 'Gomez', 'sofia.gomez@example.com', '+54', '9111114445', '2023-03-05'),
('Carlos', 'Diaz', 'carlos.diaz@example.com', '+54', '9111115556', '2023-04-20'),
('Ana', 'Fernandez', 'ana.fernandez@example.com', '+54', '9111116667', '2023-05-18'),
('Miguel', 'Sanchez', 'miguel.sanchez@example.com', '+54', '9111117778', '2023-06-22'),
('Valentina', 'Lopez', 'valentina.lopez@example.com', '+54', '9111118889', '2023-07-30'),
('Diego', 'Ruiz', 'diego.ruiz@example.com', '+54', '9111119990', '2023-08-14'),
('Mariana', 'Torres', 'mariana.torres@example.com', '+54', '9111120001', '2023-09-01'),
('Federico', 'Alvarez', 'federico.alvarez@example.com', '+54', '9111121112', '2023-10-10'),
('Gabriela', 'Vargas', 'gabriela.vargas@example.com', '+54', '9111122223', '2023-11-05'),
('Matias', 'Ramirez', 'matias.ramirez@example.com', '+54', '9111123334', '2023-12-12'),
('Elena', 'Morales', 'elena.morales@example.com', '+54', '9111124445', '2024-01-20'),
('Javier', 'Castro', 'javier.castro@example.com', '+54', '9111125556', '2024-02-28'),
('Santiago', 'Herrera', 'santiago.herrera@example.com', '+54', '9111126667', '2024-03-15');

INSERT INTO propiedades (id_propietario, titulo, descripcion, tipo, habitaciones, capacidad_maxima, precio_noche, direccion, ciudad, pais, disponible_desde, disponible_hasta) VALUES
(1, 'Depto Céntrico', 'Departamento cómodo en el centro.', 'Departamento', 2, 3, 1200.00, 'Calle Falsa 123', 'Buenos Aires', 'Argentina', '2024-05-01', NULL),
(1, 'Habitación Individual', 'Habitación privada con baño compartido.', 'Habitación', 1, 1, 500.00, 'Calle Falsa 123', 'Buenos Aires', 'Argentina', '2024-05-01', NULL),
(2, 'Casa con Jardín', 'Amplia casa con jardín y garage.', 'Casa', 3, 5, 2500.00, 'Av Siempre Viva 742', 'Córdoba', 'Argentina', '2024-06-01', NULL),
(3, 'Loft Moderno', 'Loft con estilo moderno y luminoso.', 'Departamento', 1, 2, 1500.00, 'Calle Luna 45', 'Rosario', 'Argentina', '2024-04-15', NULL),
(3, 'Habitación Compartida', 'Habitación para dos personas.', 'Habitación', 1, 2, 700.00, 'Calle Luna 45', 'Rosario', 'Argentina', '2024-04-15', NULL),
(4, 'Casa en Barrio Residencial', 'Casa familiar con patio.', 'Casa', 4, 6, 3000.00, 'Calle Sol 900', 'Mendoza', 'Argentina', '2024-07-01', NULL),
(5, 'Departamento Cerca de la Universidad', 'Departamento ideal para estudiantes.', 'Departamento', 3, 4, 1300.00, 'Av Libertad 200', 'La Plata', 'Argentina', '2024-05-15', NULL),
(6, 'Casa con Terraza', 'Casa con terraza y vista panorámica.', 'Casa', 3, 5, 2700.00, 'Calle Verde 87', 'Salta', 'Argentina', '2024-06-10', NULL),
(6, 'Habitación Amplia', 'Habitación grande con balcón.', 'Habitación', 1, 1, 600.00, 'Calle Verde 87', 'Salta', 'Argentina', '2024-06-10', NULL),
(7, 'Departamento Moderno', 'Departamento equipado con tecnología.', 'Departamento', 2, 3, 1600.00, 'Calle Roja 123', 'San Juan', 'Argentina', '2024-05-20', NULL),
(8, 'Casa con Piscina', 'Casa con piscina y jardín amplio.', 'Casa', 4, 7, 3500.00, 'Calle Azul 456', 'Neuquén', 'Argentina', '2024-07-05', NULL),
(9, 'Departamento Pequeño', 'Departamento económico y acogedor.', 'Departamento', 1, 2, 900.00, 'Calle Naranja 789', 'Santa Fe', 'Argentina', '2024-05-25', NULL),
(10, 'Habitación Cerca del Centro', 'Habitación cómoda cerca del centro.', 'Habitación', 1, 1, 550.00, 'Calle Amarilla 321', 'San Luis', 'Argentina', '2024-06-20', NULL),
(11, 'Casa Rural', 'Casa en zona rural tranquila.', 'Casa', 3, 4, 2200.00, 'Camino Rural 50', 'Tucumán', 'Argentina', '2024-07-10', NULL),
(12, 'Departamento con Balcón', 'Departamento con balcón y vista al parque.', 'Departamento', 2, 3, 1400.00, 'Av Central 150', 'Corrientes', 'Argentina', '2024-06-15', NULL),
(13, 'Habitación Estudio', 'Habitación ideal para estudiantes.', 'Habitación', 1, 1, 500.00, 'Calle Estudio 10', 'Formosa', 'Argentina', '2024-05-05', NULL),
(14, 'Departamento Familiar', 'Departamento amplio para familias.', 'Departamento', 3, 5, 1800.00, 'Av Familia 70', 'Chaco', 'Argentina', '2024-06-30', NULL),
(15, 'Casa con Patio', 'Casa con patio grande para reuniones.', 'Casa', 3, 5, 2600.00, 'Calle Patio 88', 'Misiones', 'Argentina', '2024-07-20', NULL);

INSERT INTO usuarios (nombre, apellido, email, codigo_telefonico, telefono, nacionalidad, fecha_nacimiento, fecha_registro) VALUES
('Ana', 'Gomez', 'ana.gomez1@example.com', '+54', '911111111', 'Argentina', '1992-03-10', '2024-01-01'),
('Luis', 'Ramirez', 'luis.ramirez1@example.com', '+54', '922222222', 'Argentina', '1989-07-22', '2024-01-02'),
('Maria', 'Fernandez', 'maria.fernandez1@example.com', '+54', '933333333', 'Argentina', '1995-05-15', '2024-01-03'),
('Jorge', 'Lopez', 'jorge.lopez1@example.com', '+54', '944444444', 'Argentina', '1990-11-30', '2024-01-04'),
('Lucia', 'Martinez', 'lucia.martinez1@example.com', '+54', '955555555', 'Argentina', '1991-02-20', '2024-01-05'),
('Carlos', 'Diaz', 'carlos.diaz1@example.com', '+54', '966666666', 'Argentina', '1987-08-17', '2024-01-06'),
('Sofia', 'Gonzalez', 'sofia.gonzalez1@example.com', '+54', '977777777', 'Argentina', '1993-12-01', '2024-01-07'),
('Miguel', 'Sanchez', 'miguel.sanchez1@example.com', '+54', '988888888', 'Argentina', '1988-09-05', '2024-01-08'),
('Valentina', 'Torres', 'valentina.torres1@example.com', '+54', '999999999', 'Argentina', '1994-06-25', '2024-01-09'),
('Diego', 'Ruiz', 'diego.ruiz1@example.com', '+54', '911111112', 'Argentina', '1990-04-14', '2024-01-10'),
('Mariana', 'Alvarez', 'mariana.alvarez1@example.com', '+54', '922222223', 'Argentina', '1991-07-21', '2024-01-11'),
('Federico', 'Vargas', 'federico.vargas1@example.com', '+54', '933333334', 'Argentina', '1986-10-10', '2024-01-12'),
('Gabriela', 'Ramirez', 'gabriela.ramirez1@example.com', '+54', '944444445', 'Argentina', '1992-05-18', '2024-01-13'),
('Matias', 'Morales', 'matias.morales1@example.com', '+54', '955555556', 'Argentina', '1989-01-01', '2024-01-14'),
('Elena', 'Castro', 'elena.castro1@example.com', '+54', '966666667', 'Argentina', '1990-03-30', '2024-01-15'),
('Javier', 'Herrera', 'javier.herrera1@example.com', '+54', '977777778', 'Argentina', '1993-08-09', '2024-01-16'),
('Santiago', 'Diaz', 'santiago.diaz1@example.com', '+54', '988888889', 'Argentina', '1991-09-19', '2024-01-17'),
('Ana', 'Gomez', 'ana.gomez2@example.com', '+54', '999999990', 'Argentina', '1992-03-10', '2024-01-18'),
('Luis', 'Ramirez', 'luis.ramirez2@example.com', '+54', '911111113', 'Argentina', '1989-07-22', '2024-01-19'),
('Maria', 'Fernandez', 'maria.fernandez2@example.com', '+54', '922222224', 'Argentina', '1995-05-15', '2024-01-20'),
('Jorge', 'Lopez', 'jorge.lopez2@example.com', '+54', '933333335', 'Argentina', '1990-11-30', '2024-01-21'),
('Lucia', 'Martinez', 'lucia.martinez2@example.com', '+54', '944444446', 'Argentina', '1991-02-20', '2024-01-22'),
('Carlos', 'Diaz', 'carlos.diaz2@example.com', '+54', '955555557', 'Argentina', '1987-08-17', '2024-01-23'),
('Sofia', 'Gonzalez', 'sofia.gonzalez2@example.com', '+54', '966666668', 'Argentina', '1993-12-01', '2024-01-24'),
('Miguel', 'Sanchez', 'miguel.sanchez2@example.com', '+54', '977777779', 'Argentina', '1988-09-05', '2024-01-25'),
('Valentina', 'Torres', 'valentina.torres2@example.com', '+54', '988888880', 'Argentina', '1994-06-25', '2024-01-26'),
('Diego', 'Ruiz', 'diego.ruiz2@example.com', '+54', '999999991', 'Argentina', '1990-04-14', '2024-01-27'),
('Mariana', 'Alvarez', 'mariana.alvarez2@example.com', '+54', '911111114', 'Argentina', '1991-07-21', '2024-01-28'),
('Federico', 'Vargas', 'federico.vargas2@example.com', '+54', '922222225', 'Argentina', '1986-10-10', '2024-01-29'),
('Gabriela', 'Ramirez', 'gabriela.ramirez2@example.com', '+54', '933333336', 'Argentina', '1992-05-18', '2024-01-30'),
('Matias', 'Morales', 'matias.morales2@example.com', '+54', '944444447', 'Argentina', '1989-01-01', '2024-01-31'),
('Elena', 'Castro', 'elena.castro2@example.com', '+54', '955555558', 'Argentina', '1990-03-30', '2024-02-01'),
('Javier', 'Herrera', 'javier.herrera2@example.com', '+54', '966666669', 'Argentina', '1993-08-09', '2024-02-02'),
('Santiago', 'Diaz', 'santiago.diaz2@example.com', '+54', '977777780', 'Argentina', '1991-09-19', '2024-02-03');

INSERT INTO reservas (id_usuario, id_propiedad, fecha_inicio, fecha_fin, estado) VALUES
(1, 1, '2024-06-01', '2024-06-30', 'aceptada'),
(3, 2, '2024-06-15', '2024-07-15', 'pendiente'),
(7, 3, '2024-07-01', '2024-07-31', 'aceptada'),
(12, 5, '2024-08-01', '2024-08-15', 'cancelada'),
(15, 7, '2024-06-10', '2024-06-20', 'rechazada'),
(20, 8, '2024-09-01', '2024-09-30', 'aceptada'),
(25, 10, '2024-07-15', '2024-07-25', 'aceptada'),
(30, 12, '2024-08-20', '2024-09-05', 'pendiente'),
(25, 14, '2024-10-01', '2024-10-15', 'aceptada'),
(28, 16, '2024-11-01', '2024-11-30', 'aceptada'),
(2, 4, '2024-06-05', '2024-06-20', 'aceptada'),
(4, 6, '2024-07-10', '2024-07-25', 'pendiente'),
(6, 9, '2024-08-01', '2024-08-15', 'rechazada'),
(8, 11, '2024-09-10', '2024-09-30', 'aceptada'),
(10, 13, '2024-07-01', '2024-07-15', 'cancelada'),
(14, 15, '2024-08-05', '2024-08-20', 'aceptada'),
(16, 17, '2024-09-15', '2024-09-30', 'pendiente'),
(18, 1, '2024-10-01', '2024-10-15', 'aceptada'),
(22, 3, '2024-11-05', '2024-11-20', 'rechazada'),
(24, 5, '2024-12-01', '2024-12-15', 'aceptada'),
(26, 7, '2024-06-10', '2024-06-25', 'aceptada'),
(27, 9, '2024-07-20', '2024-08-05', 'pendiente'),
(29, 11, '2024-08-15', '2024-08-30', 'aceptada'),
(31, 13, '2024-09-10', '2024-09-25', 'cancelada'),
(33, 15, '2024-10-05', '2024-10-20', 'aceptada');

INSERT INTO resenas (id_usuario, id_propiedad, calificacion, comentario, fecha_resena) VALUES
(1, 1, 5, 'Excelente lugar y buena ubicación.', '2024-07-01'),
(3, 2, 4, 'Muy cómodo y bien equipado.', '2024-07-20'),
(7, 3, 3, 'Podría mejorar la limpieza.', '2024-08-05'),
(20, 8, 5, 'Muy recomendable para compartir.', '2024-10-01'),
(25, 14, 4, 'Buena experiencia general.', '2024-10-20'),
(2, 4, 5, 'Perfecto para estadías largas.', '2024-06-21'),
(5, 6, 4, 'Ambiente muy agradable.', '2024-07-30'),
(9, 9, 3, 'Algunas cosas para mejorar.', '2024-08-12'),
(11, 11, 5, 'Me encantó la ubicación.', '2024-09-02'),
(13, 13, 4, 'Cerca de todo lo necesario.', '2024-07-18'),
(15, 15, 5, 'Volvería sin dudas.', '2024-08-25'),
(17, 17, 3, 'Demasiado ruido en la zona.', '2024-09-10'),
(19, 1, 4, 'Muy buena atención del propietario.', '2024-10-05'),
(21, 3, 5, 'Todo en perfectas condiciones.', '2024-11-12'),
(23, 5, 4, 'Buen precio por la calidad.', '2024-12-01');
